Item1,Item2
254,355
205281,305
48494,146
243,617
84523,506
84940,194
48553,407
205338,157
388,106
85526,977
48662,713
205383,726
486,780
85656,743
48753,57
205483,233
595,203
85757,207
49155,559
205508,246
638,16
915,871
85892,253
49212,424
205517,323
1113,13
85992,459
49289,770
205708,808
1129,845
85993,963
49314,371
205765,674
205849,570
1131,669
86093,245
49889,580
206042,727
1424,811
86107,848
49907,692
206058,583
1608,545
86242,716
49980,682
206074,405
1733,142
86243,878
50064,112
50073,301
206160,402
1790,180
86276,65
50205,479
206219,227
1797,999
87093,606
50225,877
206567,36
2033,183
87143,137
50539,350
2276,382
206944,529
2358,701
87397,320
50550,523
207246,984
2399,272
87579,423
50650,488
207339,80
2719,864
87595,403
87729,686
50832,895
207721,366
3344,643
87746,919
51082,510
207873,901
3346,935
87929,651
51207,446
87948,860
207971,692
3371,554
88146,898
51252,143
208064,82
3569,198
88283,848
51291,313
51350,744
208141,64
3669,257
88330,356
51450,401
208339,619
4098,823
88631,984
51545,884
208382,921
4157,201
208450,104
88733,802
51627,147
208591,155
4514,867
88734,22
52002,971
208600,971
4571,900
88767,255
52531,682
208641,736
4973,296
5207,913
89551,82
52586,505
208648,407
5268,124
89602,471
53140,587
208700,525
5543,294
89651,680
53174,967
208741,413
89851,782
5582,411
90137,183
53281,165
208907,759
5609,580
90286,99
53390,95
209059,613
5709,705
53392,37
90322,236
53456,251
209375,24
5975,111
90471,435
209486,939
53458,601
209536,513
6011,333
91023,456
53515,267
209625,706
6120,431
91405,753
53590,891
6345,557
209870,985
6543,682
91424,23
53851,166
210168,769
6563,690
91692,563
54010,252
210311,466
6577,51
91875,857
54283,252
210597,999
92693,954
6679,986
92861,431
54335,335
210722,148
6772,125
93046,736
54453,434
210822,668
7072,384
93179,530
54528,789
54578,82
210838,236
7890,27
93312,220
55178,903
210945,712
7915,836
93363,145
55187,782
211231,414
211288,428
7958,837
93397,874
55203,986
212260,225
8040,81
93413,858
55421,927
212467,950
8067,223
8290,683
93427,847
55487,716
212835,99
8801,820
93562,8
55548,294
212853,95
9094,924
93629,901
93631,261
55562,665
213119,224
9226,43
94213,887
55789,665
213126,935
9571,234
94263,855
55955,888
55973,166
213255,430
10030,543
94347,879
56198,637
213312,869
10314,59
94782,949
56246,921
213410,46
10532,604
213494,806
94818,710
56271,883
213664,327
10607,208
94865,222
56307,873
213873,140
10959,206
94951,731
56341,381
214641,933
11400,747
11657,151
94965,398
56391,693
214809,217
11718,614
94985,400
929,410
56598,317
215148,2
11916,848
95049,710
56623,388
215357,562
11993,309
95201,302
56625,916
215359,691
95250,132
12100,17
95316,749
56959,33
215375,388
12154,436
95903,691
57068,84
215627,584
12209,31
95921,168
57234,489
57302,824
215986,186
12220,885
96054,235
57725,262
216027,494
12538,28
96320,382
57920,951
216188,300
12754,71
96422,660
216211,692
58236,771
216386,59
12811,158
96521,675
58456,73
216495,186
12863,626
13279,174
96554,668
58629,854
216520,291
13354,747
96771,249
58756,448
216602,574
96954,391
13540,888
96989,246
59038,807
216670,446
13722,499
97208,924
59172,358
216679,667
13863,310
59197,502
97290,369
59297,51
216781,213
13915,126
97807,663
59390,791
216829,187
14049,362
216861,697
97874,167
59656,346
217313,140
14183,294
97875,846
59933,386
217458,164
14326,864
98026,446
14374,560
60244,233
217513,744
14667,49
98344,25
60251,136
217617,787
14744,816
98376,146
60319,945
217681,175
98391,334
14808,29
98575,65
60392,20
217740,903
15185,194
98628,152
60517,362
218276,851
15819,797
60569,659
98794,164
60683,986
218290,280
16130,970
99026,877
60703,76
218344,163
16155,924
99246,581
61021,271
218569,752
16246,675
205783,381
99277,962
61028,523
218608,7
16532,357
99313,21
61619,337
218935,817
16666,442
219219,612
99347,533
61798,408
219278,459
16730,455
99630,368
62239,870
219294,876
16755,547
16966,997
99946,569
62457,175
219301,411
17159,149
99963,342
62464,742
219321,820
17282,544
99996,445
100115,328
62575,969
219353,109
17507,902
100197,337
62891,731
219546,834
17761,230
100264,952
62932,519
219887,734
17859,255
100266,407
62966,335
63166,214
220664,10
17950,537
100648,83
63575,420
220757,163
17970,456
100815,99
63625,62
221050,309
221257,449
18254,476
100832,775
63643,81
221327,247
18311,402
18979,477
101336,931
63854,960
221543,761
19011,859
101550,880
63918,261
221550,704
19206,434
101620,561
101851,382
63993,865
221777,432
19974,479
102034,815
64111,57
221870,289
20106,266
102220,122
64270,253
222034,49
64436,821
20115,239
102322,351
64679,794
222152,369
20147,283
102335,4
65004,320
222220,736
20172,213
102555,466
222293,107
65038,760
222563,314
20201,26
102705,271
65258,68
222622,937
20401,461
102719,686
65497,522
222638,950
21576,596
21860,729
103024,255
65665,958
222677,895
21903,294
103190,615
65792,804
222688,828
22062,578
103304,971
103541,386
66385,366
222970,627
22089,465
104058,530
66483,654
223154,73
22362,96
104123,27
66485,621
66708,461
223156,134
22464,503
104240,267
66878,142
223190,612
22521,457
104243,290
66942,324
223231,105
22773,131
104759,790
66960,240
223238,321
223331,238
22780,496
104812,641
67085,959
223431,236
22830,440
105012,619
67187,984
223438,182
23652,975
23768,845
105028,489
67255,819
223608,762
23816,867
105160,660
67296,107
223892,241
23902,270
105263,449
67403,884
223942,583
105295,456
24186,797
105360,711
67487,319
224115,693
24379,721
105627,639
67544,413
67694,130
224226,858
24427,222
105745,612
68014,148
224249,531
24995,726
105795,821
68555,826
50114,541
224308,138
25131,4
105979,160
68943,430
224340,952
25261,296
106114,539
224342,608
68984,458
224360,974
25395,670
106131,376
69232,767
224435,510
25890,855
106230,214
25981,426
69252,870
224626,654
26231,16
106280,352
69341,883
106282,601
225078,424
26240,64
106614,697
69493,981
225087,287
26374,360
106816,331
69684,916
225612,9
26517,561
69775,969
107301,137
70052,284
225687,984
26535,783
107383,494
70238,806
225887,842
26583,738
107384,389
70318,589
225939,578
225989,941
26615,788
107718,836
70379,755
226341,346
26883,357
107784,746
70402,746
226482,627
26910,233
107951,47
27169,176
70713,98
226491,906
27462,488
108285,263
70731,458
226548,724
27551,325
108352,767
108485,797
70931,976
226616,958
27812,621
108535,751
71181,768
226809,6
28096,80
108622,201
71274,69
227025,969
28139,662
108687,959
71490,145
71822,201
227275,561
28144,369
108753,717
72124,16
227282,981
28255,236
108789,129
72183,628
227327,913
28289,968
109107,873
72601,363
227377,56
28523,934
227591,617
109122,531
72876,632
227702,507
28539,385
109357,345
72992,396
227768,202
28666,564
109388,664
73044,24
29209,852
227836,140
29702,329
109491,617
73196,455
227859,133
30052,963
109574,238
73385,775
227884,906
30116,13
109808,230
110093,458
73394,981
227886,506
73603,810
30125,616
110110,629
73923,351
227925,544
30261,373
110208,766
74189,439
228245,701
30445,573
110309,358
74466,676
228311,646
30509,730
166546,430
74630,303
2333,632
228313,986
30511,393
166581,799
74691,294
228477,743
30677,916
166596,685
75491,780
228579,432
228738,433
30711,222
166646,362
75591,758
229011,330
30727,968
166698,292
75691,911
229313,89
30770,563
30854,447
167349,515
75777,359
229329,377
30972,364
167482,450
76070,219
229331,893
31172,64
167517,570
167614,569
76102,904
229499,335
31556,652
167800,718
76168,922
229742,942
31681,741
167865,288
76236,624
76352,967
229767,244
31688,137
168034,385
77181,877
229899,835
32049,691
168132,52
77304,375
229922,973
230115,36
32122,45
168133,730
77424,18
32440,761
230474,717
32483,520
168336,193
77772,977
230490,598
168636,467
32599,230
168736,544
77840,343
230699,914
32958,491
168802,179
77940,497
78165,59
230708,728
33319,906
168804,158
78260,777
230776,328
33487,691
168954,845
78440,391
230878,172
231237,449
33517,409
168971,310
78783,46
231251,968
33862,382
33980,17
169403,844
78844,50
231337,812
34539,21
169754,478
79110,724
231351,265
34762,734
169770,532
87712,884
79923,160
231462,139
34823,242
170054,949
80105,287
231510,312
170154,342
34864,510
170255,47
80371,804
231694,24
34932,850
170256,675
80516,857
232171,146
35050,241
170257,440
80555,119
81064,815
232271,595
35055,208
170372,876
81207,845
232959,102
35148,7
170575,933
81216,547
232964,539
233041,627
35518,633
170675,296
81298,864
233427,857
35532,682
35718,320
170742,796
81318,62
233534,69
35793,85
170759,942
81368,730
233711,627
35857,586
170791,856
81434,786
233845,59
35859,157
170792,625
81484,806
233911,19
171007,682
35909,522
171475,106
81609,888
234359,613
35918,950
172010,22
81611,809
234597,481
35925,957
172061,110
81661,636
234672,230
81759,512
35966,791
172293,281
81927,86
234879,941
36043,91
172512,390
234954,526
81950,20
235429,204
36141,507
172613,787
81977,258
235506,20
36286,436
172664,485
82102,58
36327,874
235842,251
36677,658
173216,200
82511,593
236058,42
36709,488
173415,54
82797,215
236267,651
173464,909
36811,663
173517,785
82831,446
236283,257
36836,733
173632,41
83156,173
236340,751
83431,888
36938,316
173650,294
84201,622
236399,321
37022,5
88116,542
173684,783
84476,8
236583,295
37147,999
173881,373
85419,209
237242,457
37288,349
174151,446
85426,861
237271,449
237451,831
37311,316
174216,737
85455,698
237805,104
37454,360
174367,102
85769,392
237914,988
37538,761
37688,977
174501,291
85905,364
238321,20
37790,813
174503,599
85944,853
174568,269
238541,67
37822,904
174700,33
86123,475
238557,815
86189,907
37874,511
174834,887
86489,741
238607,677
238639,810
37974,496
174918,751
86548,804
231897,701
38074,569
174987,555
86555,754
232106,325
38281,816
175003,903
38508,679
86641,719
232131,8
38626,576
175052,686
86680,625
232222,784
38899,159
175185,402
86959,93
232247,504
38933,344
175254,217
86975,631
232449,92
39385,112
175271,298
175304,844
87114,872
232624,164
39467,419
175536,599
87141,369
232756,437
87173,440
39646,86
175636,983
87627,655
232990,501
39662,922
175754,623
87911,131
233117,479
39928,725
175805,499
88229,119
51386,498
233242,375
40012,484
176256,71
88677,200
233299,864
40110,663
176624,298
88729,319
233451,985
40278,795
176625,166
88738,850
233526,414
233649,486
40330,369
176656,499
88872,650
233853,328
40446,310
176658,805
40553,818
89867,217
233867,671
40680,950
176709,547
89874,15
233917,284
176790,335
40796,826
176875,137
90049,549
233976,498
40798,94
177040,103
90417,198
90517,298
234544,350
40889,619
177073,335
234685,184
90694,33
234755,685
40914,242
177090,272
90883,8
234828,622
41057,478
41080,696
177091,607
91001,437
235037,234
41425,220
177108,99
91017,426
235105,308
41589,549
177157,930
91026,311
177277,923
235146,340
41634,700
177458,584
91058,263
235173,243
41757,611
177660,334
91103,890
235282,320
91203,140
41841,544
177977,467
91553,896
235498,76
235864,689
42093,721
178195,446
91685,635
235925,349
42309,478
178229,868
92278,516
236164,72
42459,761
178880,963
42852,81
92405,63
236618,47
43163,669
179147,269
92498,427
236668,640
43397,461
179414,636
208584,517
92696,787
236727,532
43481,903
179433,1
92807,952
236943,361
43595,646
179733,926
93025,90
236959,669
43806,686
179734,82
93116,755
236961,249
179797,607
44065,701
180586,200
93241,177
237175,582
44297,292
180651,647
93257,137
237411,231
44842,125
93373,28
180733,59
93643,871
237429,101
44892,794
180801,586
93732,897
237486,662
237536,132
45033,665
180802,350
93800,844
238079,758
45060,668
180917,107
94209,200
238120,385
45208,755
181084,449
45383,716
94334,762
238131,182
46269,491
181255,170
94495,680
238179,798
181452,488
46389,577
114,776
95011,636
238231,247
46671,268
165,737
95447,497
238456,40
46862,912
95506,61
383,534
96115,465
238472,613
46907,457
735,28
96440,968
238540,500
47316,873
882,867
238613,611
96744,527
238731,145
47448,493
899,833
97160,874
238781,208
47609,79
900,376
97694,633
238890,497
47807,840
47975,868
901,212
97721,467
239067,527
48025,741
1435,152
1436,702
98012,455
239074,13
48057,506
1903,131
98078,691
239106,36
98596,760
48268,523
2337,823
98723,399
239449,298
48445,273
2790,229
98741,491
239460,430
48468,718
2854,351
239535,250
98923,72
239569,932
48525,392
2855,743
5091,577
98930,797
239594,505
48595,55
2891,893
99023,98
48743,62
239626,940
48911,717
2907,806
99032,3
239692,808
49154,390
3373,345
99298,697
3542,601
239708,544
49177,284
3640,348
99314,696
239808,243
49204,711
3827,719
99400,997
99650,274
240035,318
49277,737
4092,463
100009,994
240051,958
49404,17
4144,273
240144,68
100227,884
240267,483
49422,531
4795,895
100393,490
240394,52
50165,405
4896,297
50547,594
100459,810
240401,824
50849,648
5331,651
100568,934
240403,390
50858,703
5815,828
101081,922
6333,286
240710,725
51094,576
6431,776
101154,981
241012,765
51192,89
6501,134
101172,500
101606,358
241080,389
51403,733
6566,462
101731,536
241332,277
51526,331
241357,797
6866,31
101963,989
241548,205
51742,612
6900,518
102117,113
241614,613
51803,108
51944,468
7033,887
102399,717
241666,860
52060,612
7134,976
102676,231
241791,972
52203,458
7283,94
7318,761
102733,769
241980,908
52614,280
7352,955
102967,752
242007,238
52807,594
7569,465
103144,291
242073,264
53189,361
7620,802
103537,677
103871,818
242214,517
53205,411
7651,899
104044,427
242273,670
53241,300
7887,398
242309,717
104144,283
242618,357
53332,153
8019,964
104362,526
242752,394
53414,901
89852,799
8253,165
104505,633
242843,514
53430,58
8255,63
104657,378
242891,218
53614,677
53934,457
8454,713
104796,64
243050,609
54193,757
8487,331
104880,140
243075,929
54218,459
8672,660
9141,541
104939,984
243077,970
54311,841
9224,565
105114,292
106225,457
243200,969
54511,36
9357,787
106295,983
243236,10
54884,282
9408,702
106302,972
243563,61
243745,414
54911,958
9893,605
106768,212
243879,683
54968,670
9908,22
106895,590
243888,305
55027,818
10241,62
106936,872
55202,140
243929,940
55438,385
10560,42
107270,155
244056,538
55720,933
10946,543
107431,150
11245,864
244420,249
56213,30
11832,535
107456,790
244456,571
56272,125
12316,333
107581,16
108158,409
244572,877
56399,57
12331,714
108267,332
244622,835
56447,399
244688,331
12698,166
108306,783
244781,465
56715,974
12835,912
108392,93
244874,416
56751,71
12917,681
56856,837
108685,762
244881,113
57124,640
12982,844
109033,695
244915,556
57726,450
13082,413
109049,835
245224,608
53408,658
58255,829
13518,368
109103,189
245410,375
58319,521
13552,199
13600,781
109135,594
245592,866
58389,531
13968,657
109344,602
245649,974
58594,152
14336,102
109403,449
245978,287
109562,870
58612,544
14387,771
110069,671
246512,429
58855,149
14422,259
246528,589
110214,570
246678,796
58964,540
14456,241
110373,171
59189,189
247055,919
59305,574
14521,382
166825,237
247278,63
59616,181
14638,645
15408,975
167327,640
247423,452
60041,997
16009,548
167436,4
247664,64
60050,847
209516,402
16510,231
167438,287
247755,42
60168,247
16795,918
167611,80
247855,281
60277,701
16877,511
167704,146
168036,464
247916,943
60336,773
16943,98
168047,167
248064,122
60427,856
16996,640
168245,748
248098,659
60475,351
248259,34
18012,602
168254,729
248468,805
60684,647
18082,527
168338,996
248727,163
60809,960
60977,627
18096,582
168388,603
248752,458
61211,970
18316,810
19200,588
168413,822
248850,834
61297,68
168615,459
19336,256
169006,80
249359,817
61427,852
19803,601
169233,544
249536,804
61704,242
19935,421
169249,502
249620,865
61854,175
249688,18
20119,355
169465,288
250163,655
61888,888
20120,383
169492,324
62172,998
250322,418
62381,893
20336,972
169699,517
250406,429
62542,167
20605,458
169735,302
20622,845
250454,824
62558,187
20755,866
169824,706
250506,176
62592,513
20804,680
170192,345
170260,538
251122,537
62706,207
20971,534
170401,447
251140,167
62881,909
6368,748
21155,292
170721,511
251149,902
63024,597
21356,884
170771,49
251242,926
63033,686
21540,529
170810,136
251499,264
251560,590
63360,263
21659,716
170869,206
251744,812
63367,226
21708,395
171078,707
251844,776
63394,711
21774,83
171096,248
251851,197
63494,836
21875,503
171130,439
252233,239
63812,381
22074,906
171346,446
63953,744
252292,848
64137,387
22625,56
172030,902
252351,829
64310,406
22695,172
22710,686
172216,635
252510,372
64344,170
23128,211
172775,732
252676,707
64846,357
172852,409
23511,682
173111,192
252703,272
64946,119
23664,258
173311,77
252719,351
64982,450
252785,310
23680,251
173486,503
253482,244
65032,864
24064,663
173652,585
253580,402
65191,327
24348,617
173679,470
253714,966
65323,113
24433,318
65791,363
173743,845
253771,67
66443,288
24933,98
24982,324
173879,102
253773,798
174004,41
66591,761
25216,815
174138,819
253780,527
66945,958
25436,938
174179,394
253821,180
253855,583
67034,292
25533,452
174195,530
253964,333
67236,404
67288,673
25583,756
174304,910
254241,585
67354,519
25601,432
174322,748
254450,112
25919,246
67402,585
26371,921
174590,807
254716,802
67445,439
26487,270
174738,163
254777,829
67547,449
175117,905
26538,973
175399,420
254859,147
67627,484
26621,179
255161,13
175510,492
255275,908
67663,333
26756,37
175978,767
255618,249
92810,625
67840,458
26823,504
176094,26
255661,337
67997,644
27140,40
176367,615
68081,65
255786,992
68249,428
27472,447
176417,504
255936,618
68256,127
27740,594
176576,417
27875,292
255979,425
68383,936
28091,630
176785,868
256247,31
68538,103
28177,646
176887,349
256270,21
69042,118
28257,634
176894,77
177128,122
256440,553
69658,262
28360,514
177373,450
256915,898
69810,447
257024,940
28477,759
177432,707
257197,825
69919,286
28492,550
178032,951
257483,300
70153,908
70201,35
28591,284
178130,985
257492,268
70594,754
28592,823
178223,595
257676,9
70878,916
28594,774
29795,373
178339,571
257969,838
178961,226
71162,66
30029,16
179075,764
258151,57
71207,216
30081,973
179534,11
258160,716
71514,745
30131,182
258185,534
179688,846
259035,750
71716,820
30316,884
179718,359
259064,322
71739,494
72100,324
30333,50
179843,306
259078,769
72282,472
30531,923
179986,456
259114,89
72368,602
30533,823
180002,250
30667,715
259205,842
72575,473
30898,941
180120,230
259264,563
72636,388
180320,598
30968,33
180495,973
259371,954
72950,107
31134,222
180840,476
259378,10
72975,981
54617,849
31235,819
180958,16
259380,170
73045,413
31315,930
181683,270
259430,847
259930,615
73059,641
31466,772
181944,557
260573,499
73486,84
31551,183
182053,636
261327,60
73588,312
73681,69
31652,134
182085,829
31683,204
261611,66
73795,684
31987,326
182101,309
261768,813
74038,306
32034,884
182208,383
182442,676
261829,655
74115,29
32087,978
182746,301
261886,688
74272,132
262070,685
32188,23
182969,133
262281,393
74315,116
74322,355
32402,44
182987,184
262679,876
74665,525
32721,307
183046,227
262849,738
32773,64
74758,543
33124,252
183103,381
262915,679
74833,273
33307,836
183146,191
262940,735
183187,530
74892,736
33422,542
183371,237
263163,883
75081,99
33474,101
183532,329
263383,79
263601,268
75149,308
33822,8
183923,743
264149,598
75251,785
33943,606
184089,648
264317,1
75485,882
212142,412
33974,908
184223,401
264428,799
75560,142
34075,591
184532,273
264553,554
75599,189
34377,688
75819,450
184777,357
264637,57
75860,837
34608,71
184891,70
264903,175
76151,353
35445,592
35962,72
185252,566
264985,180
76253,793
36715,526
185275,707
264996,305
185384,791
76319,350
36749,324
185468,590
265205,770
76512,885
36817,327
265348,155
185593,508
265553,468
76530,151
36964,639
185634,619
265607,608
76803,609
37083,194
76814,388
186547,807
265889,679
77082,770
37400,958
186570,721
265932,635
37536,125
77307,235
37584,820
186697,128
266164,227
77332,147
186890,518
37950,602
187065,912
266250,85
77480,749
37968,923
187256,92
266355,292
266466,474
77491,493
38672,329
187290,330
266866,53
77516,476
77809,388
38703,49
187333,463
267061,384
78007,806
38887,774
8660,751
187517,694
267184,181
78432,825
38904,254
187574,83
267259,722
78518,64
39087,615
39374,161
187624,483
267409,704
187801,592
78777,501
39440,358
187835,861
267502,97
78834,284
267545,776
39441,330
188010,272
267802,534
79009,456
79736,537
39705,755
188178,62
267895,54
79754,171
39739,884
40559,792
188478,281
267920,716
79854,341
40795,679
188696,229
188912,339
268013,787
80538,208
40943,807
189080,108
268579,807
269308,525
80683,325
41111,245
189139,307
80690,843
269340,329
80908,612
41177,896
189403,847
269349,675
81274,207
41312,699
189655,192
269397,455
81324,18
41395,972
41596,944
189973,213
269556,238
81492,16
41646,315
190080,638
93698,756
269799,272
82001,209
41781,805
190289,728
269808,534
82144,627
41911,809
190459,656
190741,23
269835,226
82192,36
42113,976
190807,218
269890,185
82612,551
42145,21
190925,574
270051,45
270226,87
82628,455
42162,211
191761,831
270326,320
83178,147
42246,566
191913,340
83214,426
270401,632
83407,484
42466,108
192129,512
270537,313
83496,26
42482,119
192211,585
42597,385
270728,494
83646,66
42914,469
181687,496
270801,661
83666,149
42948,597
181736,159
271135,933
83671,980
182423,354
42999,444
182993,993
271144,216
83698,102
43282,317
271364,170
183142,912
271503,242
83707,887
43418,562
183725,91
271705,926
83880,320
43466,299
183995,916
271746,572
84191,766
43619,91
84198,71
184360,0
272073,974
84427,436
43786,95
43901,845
184479,494
272225,508
84527,200
44435,710
184513,199
272407,648
184629,601
85043,16
44535,471
184845,360
272434,904
85093,730
45255,396
185147,193
235895,62
85502,124
56157,605
45287,850
185163,404
236247,301
85872,34
45340,807
185248,717
236948,674
86145,992
45454,23
237064,874
185448,566
237283,735
86170,690
45471,257
185497,326
237397,782
86365,5
45507,979
185514,248
237433,390
86463,705
45557,521
185580,732
237434,369
86488,983
87051,263
46443,651
186837,482
237534,135
87351,79
46892,811
186850,265
237748,529
87549,17
46909,262
187170,239
238065,277
87610,161
47127,172
187520,262
238186,976
88012,656
47128,323
47145,672
187871,523
238319,514
88187,79
47594,643
187904,657
238350,693
88412,668
187922,915
47929,62
188273,194
238419,466
88435,256
47996,465
238836,868
188490,659
239070,807
88812,220
48046,68
188558,645
239486,527
88937,431
48213,965
188589,10
239554,244
89014,258
48215,368
89062,13
189190,191
239623,456
89307,930
48579,108
189392,566
239740,507
89346,950
48630,517
49168,957
189474,487
240024,898
89507,130
49300,146
189558,724
240224,673
90066,610
49582,642
190479,745
190844,592
240272,168
90082,669
49635,765
190997,185
240375,535
90198,624
49683,460
191014,834
240490,464
90259,907
240541,12
50019,42
191165,482
241495,396
90391,896
50204,187
191214,743
241527,284
90423,78
90793,708
50504,610
191548,885
241944,847
91184,215
213628,479
50521,837
191716,801
242113,868
91761,842
50972,842
191865,842
242143,842
91777,842
51440,842
51571,842
191883,738
242247,738
91795,738
192083,738
51805,214
192199,214
242361,214
91931,214
51856,214
193168,214
242397,214
242445,214
92156,868
51891,868
193337,868
242646,868
92306,868
51974,868
92524,868
193502,818
242763,818
92724,818
51992,818
193738,818
242914,818
52159,818
92749,606
52293,606
193769,606
242964,606
93047,606
52425,606
194273,606
194606,615
242999,615
93092,615
52574,615
194739,615
243065,615
243984,971
93358,971
52811,971
195008,971
244286,971
93426,971
52993,971
195123,971
244349,971
93565,971
94087,971
52994,764
195124,764
244453,764
94101,764
53042,764
195326,764
244484,764
94242,764
53077,764
195374,764
244485,764
94376,764
53278,764
195694,764
244517,764
53377,764
94385,692
53663,692
196077,692
244602,692
94396,692
196129,692
53729,647
196228,647
244685,647
94494,647
53846,647
196493,647
244736,647
94519,647
53978,647
196527,647
245088,647
94737,647
245102,647
54130,266
196812,266
245371,266
94787,266
54412,266
197364,266
245703,266
94853,266
54497,266
197664,266
11532,266
245740,266
94944,266
54564,266
197763,266
245790,266
94971,266
54648,266
197882,266
246088,266
95146,266
54833,266
95173,266
198114,203
246156,203
95353,203
54850,203
198483,203
246388,203
55097,203
95741,979
55734,979
198585,979
246507,979
95800,979
55751,979
198699,979
246740,979
198767,979
246757,199
95923,21
55799,544
95991,386
199772,150
246776,104
96493,918
56554,445
200323,856
247010,102
96659,489
56718,464
200556,101
247141,498
95301,919
97050,919
56804,141
200607,13
247829,820
97493,750
57072,988
200772,881
248280,165
97754,587
57423,806
201058,961
57620,308
248464,308
97952,971
58156,465
201141,37
248479,777
98297,311
58342,512
201323,75
248531,341
98356,153
58776,356
216329,131
201526,131
248815,257
98499,737
58911,273
201641,945
249048,561
98722,47
13331,472
59209,472
201677,383
249146,262
98783,100
59727,896
201725,141
249246,624
96970,346
99281,346
59895,456
202058,972
249732,751
100053,670
60029,994
202212,196
250015,903
100251,571
59208,539
60064,539
202346,75
250101,924
100471,944
60130,89
202711,242
250300,991
100694,628
217106,303
60263,303
202997,761
250368,983
100887,225
60631,212
203161,338
250750,358
101196,624
61147,646
14449,112
203280,112
250936,143
101632,162
61668,220
203531,354
251352,665
101696,27
61885,185
203649,430
251606,652
98544,61
101882,61
61899,250
203799,896
251637,210
102032,24
61935,738
204117,292
252071,426
102232,570
60583,539
62133,539
204448,686
252622,436
102702,806
62486,529
204652,378
253226,547
103336,581
62755,933
204936,706
253626,475
103679,189
254144,902
63004,504
205285,704
254995,762
104072,515
63506,583
205520,986
256133,497
104211,577
219260,517
63938,517
205554,249
256402,344
104413,113
64241,648
205871,91
257103,648
16916,764
104429,764
64743,742
205938,624
257804,470
104808,151
65208,177
206187,520
258023,850
105108,324
99997,606
65663,606
206305,624
258240,901
105317,798
65913,37
206438,250
258690,727
105476,432
66680,356
206891,97
259057,547
105599,242
67515,259
207259,390
63293,725
259258,725
105917,713
68203,561
207291,451
259260,557
106208,912
68568,752
207341,253
221232,860
259626,860
106553,350
68836,162
207825,349
260093,266
18913,957
106946,957
69089,149
208009,119
260678,46
107103,101
69355,749
208059,676
261015,379
107453,163
69405,225
102019,534
208378,534
261379,785
108005,758
69721,998
208829,301
261998,472
108207,368
69971,213
209148,201
262118,604
64629,905
108700,905
70205,979
209498,756
262399,420
108752,117
70543,893
209631,372
262467,523
108800,610
71075,552
222363,172
210315,172
262666,942
108950,394
71712,782
210485,719
262902,101
109461,568
72247,686
210717,80
263219,780
21660,685
109702,685
72529,472
211152,34
263418,593
109779,627
72531,371
211351,141
264321,213
110406,835
73331,297
103624,901
211720,901
264555,738
166540,399
73532,876
211919,899
265075,973
166892,82
74051,723
211937,409
66853,30
265276,30
167471,507
74286,948
212138,298
265676,107
167562,714
74500,909
212789,252
266109,386
167644,128
74837,107
212923,356
223315,119
266226,119
167746,212
75286,795
213426,482
266429,869
167944,671
75405,230
213641,303
266697,175
23666,227
168103,227
76105,248
213708,739
266881,947
168332,398
76173,423
213941,816
267249,266
168573,93
76575,360
214879,371
267549,559
105313,900
168816,900
76626,993
215180,303
267830,622
169534,283
76942,839
215298,214
67930,936
268032,936
169682,229
77261,440
215829,919
268300,640
170118,495
77860,741
216100,531
216501,552
268451,961
170227,89
78229,344
217386,75
268833,320
170236,844
78448,834
224349,238
217818,238
269386,3
170379,543
78545,400
218121,445
269554,314
170513,828
78682,182
26190,935
218286,935
269719,595
170527,84
78846,960
218640,239
106583,562
270121,562
170722,264
79182,428
219008,127
270554,709
170861,921
79366,92
219593,589
270658,883
170997,954
69929,641
80036,641
219726,483
271156,713
171445,748
80203,484
219925,214
271375,862
171638,888
80453,735
220158,731
271558,794
226205,978
171765,978
80820,948
220660,28
271674,343
171999,637
81088,432
221262,219
272077,745
172192,722
81136,939
27317,906
221445,906
272445,517
172326,806
81303,839
221732,404
272980,371
172406,697
108405,727
81771,727
221981,125
273113,39
172533,286
81855,675
222217,306
273813,954
172760,2
82407,639
222683,755
274466,84
173835,222
82808,447
222834,237
72099,479
274701,479
174596,310
82926,134
223066,995
274983,523
174848,298
83092,129
223253,608
275318,510
174916,308
83443,259
223501,204
275520,292
175123,74
227641,755
83743,755
223587,426
275704,530
175257,848
84178,964
223768,759
275970,766
175886,298
84880,956
223954,424
29259,844
276203,844
176477,996
84897,445
224122,380
276641,0
176838,172
85367,710
224236,770
276939,291
177072,518
110076,170
85534,170
224303,56
277157,796
73798,723
177531,723
85701,985
224657,75
278144,380
177690,799
85950,974
224904,429
272573,152
178065,29
86051,781
225191,259
273252,453
178199,547
86303,683
225710,763
178356,851
273470,471
179730,211
86418,844
226007,618
273979,275
179885,92
86835,381
226108,812
274004,332
228947,337
180305,337
87002,704
226545,825
274220,914
180378,344
87473,707
226745,932
274656,801
30838,45
180957,45
87707,353
190033,220
274979,451
181316,513
87956,276
190265,164
275322,28
182202,899
88006,438
167782,546
190531,546
275933,744
182459,815
88123,128
190708,360
276094,528
183131,662
88693,630
190885,89
76888,884
276369,884
183540,107
88993,837
191049,991
277439,221
183597,962
89059,179
191610,250
277589,657
230249,964
183740,964
89192,198
191694,468
32467,579
277937,579
183963,949
89361,398
192119,969
278221,396
168719,671
184365,671
89558,516
192230,728
278843,565
184424,977
89945,260
78015,208
192353,208
227146,587
184483,296
90361,663
192739,854
227447,777
185233,445
91113,964
193723,31
231210,541
227930,541
185467,67
91281,408
193759,380
228681,179
185921,182
34523,359
91633,359
194243,591
228868,517
186446,940
91832,495
194600,612
229501,288
186821,572
92152,324
92652,387
194877,601
229703,569
187155,845
93137,217
195247,726
230105,40
170155,136
187584,136
93421,263
195770,300
230687,888
187918,715
93636,604
195940,600
231374,614
188027,872
93871,634
80664,733
196031,733
231857,456
188518,620
94023,560
196106,461
232211,762
188659,155
94542,227
196317,841
232343,8
233250,414
189320,414
94840,131
196810,402
232777,462
35707,392
189631,392
95010,420
196985,444
232945,348
242,723
95043,713
197728,411
233480,182
424,506
95193,693
198012,114
233564,536
626,851
95261,671
198055,294
233697,669
171157,192
741,192
95360,775
198412,513
233731,301
1025,134
95509,666
198621,605
233829,78
1211,844
96113,960
198930,635
234147,693
81786,133
1343,133
96528,948
199041,188
234565,590
1928,363
96679,970
235011,648
199800,648
235117,185
2110,769
97330,647
199857,441
235684,549
2411,59
97848,45
200300,938
36609,112
235888,112
2996,317
98484,117
200409,667
235952,752
3167,23
98787,399
200643,6
236269,256
173481,352
3350,352
98904,474
200993,261
236587,158
4017,120
99204,260
201404,318
236757,313
84024,186
4285,186
99623,73
201447,897
237091,256
4370,711
99738,4
100223,638
201829,89
237275,882
4570,549
100906,878
202063,730
237941,483
4938,476
101126,341
202213,114
238010,969
237646,860
5439,860
101242,737
202358,493
238526,371
5506,180
101744,604
203017,433
238610,939
37556,506
5604,506
102129,556
203151,349
239161,114
5737,269
102262,770
203401,464
174633,709
239431,709
6238,35
102564,56
203910,929
239847,845
86462,233
6323,233
102813,114
204255,133
240113,315
238739,819
6507,819
103281,325
204696,514
240333,944
6592,993
103416,121
204782,485
240883,206
7125,668
104051,684
38556,727
204946,727
241033,27
7378,122
104268,591
205166,624
241367,843
7509,469
104399,239
205473,817
241885,834
7860,378
105054,760
206107,651
242103,158
8245,557
175287,733
105137,733
206177,462
242637,398
8529,202
105536,776
206393,925
243290,785
87257,70
8782,70
105937,424
206684,597
243491,148
9080,336
106007,186
206736,36
243759,818
9414,31
106356,572
206959,274
207254,38
243891,862
9718,803
106406,515
207686,904
244092,3
10067,667
107026,37
208147,865
244359,185
10199,887
107073,64
208415,423
244593,1
233719,839
10570,839
107208,164
208506,530
244662,528
10819,292
107324,657
40612,584
208665,584
244742,163
11070,309
107376,338
208715,490
244993,43
176839,637
11687,637
107510,156
208815,395
245295,966
11788,258
107960,899
90467,877
208960,877
245312,245
12272,249
108379,892
234721,975
209174,975
245346,754
12707,34
108914,697
209317,370
245446,975
13057,733
41157,166
109013,166
209685,137
245828,454
13709,551
109649,946
209985,218
245864,600
14079,501
109864,398
210312,58
177375,522
246196,522
14363,981
109901,996
210855,191
246230,535
14897,632
110165,485
211264,394
246333,276
91342,400
15081,400
110267,446
211500,993
235705,781
246617,781
15497,361
110382,855
212216,640
246798,375
15651,716
166922,670
212645,269
247166,488
16418,236
167189,714
42902,338
213079,338
247583,336
16601,884
167375,371
213638,60
247752,691
16718,249
167492,896
247868,605
214138,982
248570,712
16919,184
167625,286
214583,692
248821,254
17589,248
168275,956
215753,9
249140,131
17906,757
168642,864
216019,169
249723,5
180383,588
18323,588
168896,805
216435,207
249958,630
19107,658
169360,116
216962,780
250341,802
19659,257
93518,898
169563,898
217107,353
250359,110
19725,328
169681,799
217173,380
250477,724
237856,122
20060,122
169781,42
217282,857
250645,426
20245,46
170012,647
217566,939
250962,713
20462,78
170264,130
45585,663
218068,663
251243,801
20680,132
170415,653
218241,46
251377,347
99,587
21031,587
170634,299
218568,866
251495,220
21364,348
170866,116
218875,715
251580,190
22818,63
95574,621
171118,621
219631,700
251698,678
23288,94
171435,783
219938,346
251811,522
23619,373
171968,424
238699,804
220122,804
252279,732
23871,872
171986,2
220597,84
252698,270
24090,789
172203,855
220683,664
252848,866
47866,905
24525,905
172837,381
220717,293
252900,122
24590,639
173122,757
1652,223
220892,223
253386,788
24642,514
173291,441
221115,26
253867,571
98655,752
24960,752
173773,913
221701,347
254153,819
25409,444
174142,66
221967,450
254268,785
25545,303
174375,922
239567,732
222210,732
254754,56
25695,866
174509,591
25792,179
222353,942
254971,395
26412,161
174642,897
222737,504
48779,185
255489,185
26611,415
174861,833
223087,4
255625,278
26713,85
174911,250
223391,276
3556,522
255858,522
26831,79
175145,109
223566,52
256023,344
27617,613
175529,519
99523,8
223784,8
256407,6
27650,3
175828,591
224159,915
256925,759
28016,561
176181,650
240219,765
224393,765
257028,76
28269,6
176230,162
224768,314
257212,528
28634,508
176597,200
50681,602
224927,602
257312,153
28735,145
177050,538
225186,208
258482,540
29168,527
177284,173
225595,335
6347,85
258717,85
29539,742
177451,651
225731,559
259066,555
29654,890
177683,903
101304,193
225886,193
259234,122
29855,727
178069,308
225986,324
259316,310
30324,587
241432,344
178201,344
226031,948
259452,746
30642,624
178522,154
226374,805
259901,273
30824,642
51962,310
178920,310
226772,633
260102,903
30939,860
179290,458
226874,880
260655,770
31040,849
7286,392
179739,392
226965,55
260936,104
31226,235
179772,688
227192,989
261120,558
31343,661
179826,455
227392,902
261590,509
31393,773
180441,633
227544,972
103955,74
262040,74
31694,165
180658,694
228455,33
262391,65
31860,34
180925,346
242409,334
228789,334
262459,13
32329,599
181077,110
228998,632
263078,321
32627,555
181212,239
181830,316
229255,149
263344,523
33030,826
182180,707
229632,686
263445,199
53775,359
33264,359
182382,706
229757,425
263560,576
33614,517
182599,471
230241,147
263645,598
33816,920
8937,833
182781,833
230427,668
263979,416
33933,479
183101,864
105968,872
230825,872
264082,903
34216,300
183200,440
231354,355
264349,3
34501,354
183753,743
231518,669
243720,913
264600,913
34837,752
183952,827
231795,506
265014,897
35188,297
184789,611
231838,646
265115,59
35704,798
184904,81
190923,288
55272,559
265185,559
36003,658
185140,564
191187,174
265751,842
36288,727
185288,842
191638,727
11362,261
265918,261
36357,518
185521,611
191807,798
266419,17
36606,185
185722,153
107645,108
191875,108
266753,233
36724,672
186678,207
192158,899
267356,380
36807,945
244708,46
187043,46
192191,828
267538,0
36973,926
187244,571
192660,117
268025,43
37293,199
187463,554
57108,894
192727,894
268191,688
37377,250
187747,164
192895,663
268492,734
37560,581
187762,310
193344,909
268692,516
193428,587
37691,337
187863,185
193778,455
268927,398
37979,563
188379,884
13935,694
194463,694
269313,675
38213,590
188513,34
194614,632
269478,680
38345,724
188598,195
195101,202
270131,250
109971,244
38762,244
188951,199
195198,888
270713,648
39195,326
189100,398
246655,976
196018,976
270897,438
39396,629
189334,794
196053,37
59214,419
271284,419
39513,338
189666,842
196253,709
271752,360
39664,332
189835,405
15957,343
196621,343
271833,155
40134,255
190220,871
196886,720
272202,937
40299,733
272786,653
190335,87
197206,235
273190,496
40415,484
190789,478
197505,974
273507,53
40466,92
487,275
167761,162
198243,162
273857,750
41084,460
805,348
198306,170
274056,3
41117,747
1725,97
198557,274
274325,820
41455,384
248373,296
1848,296
198711,965
274423,599
42123,1
2559,673
199025,149
274692,50
42323,132
61038,140
2793,140
199095,112
274925,435
42458,936
19085,848
3079,848
199209,134
275111,371
42739,8
168999,611
3329,611
199494,409
275179,311
43173,843
3418,375
199562,353
275610,620
43206,91
3761,587
200245,235
275994,428
43359,698
249695,510
4131,510
200248,39
276165,13
43842,928
4365,874
201017,259
62272,100
276231,100
43909,283
4781,264
201349,9
276680,969
43962,300
5385,746
201684,635
20703,914
276964,914
44595,976
5483,935
201783,984
277901,365
44728,346
6251,91
202000,841
170310,997
278019,997
44911,981
6789,803
202254,867
278418,227
45231,63
45899,668
6894,163
202518,282
278552,279
46417,822
7248,605
202821,177
238889,239
46651,13
7346,515
203240,15
239423,241
251642,511
47117,511
7482,495
203506,120
239584,7
47635,968
7864,138
203621,867
240177,711
47987,813
8066,848
204359,227
240370,852
48355,393
8234,812
204393,159
240643,483
48539,396
8734,111
204591,110
64126,252
240829,252
49109,520
8936,141
204660,922
241086,845
49392,713
9227,456
22912,678
204844,678
241265,929
49661,412
9354,214
204978,254
241513,756
49842,202
173018,506
9568,506
205145,669
241749,654
50092,44
9747,886
205963,542
241992,386
50612,95
253005,288
10338,288
206013,84
242083,885
50730,320
10447,937
206764,839
242233,859
50895,464
10649,308
207148,253
242458,738
51197,908
10949,163
66073,147
207499,147
242640,463
51365,57
24934,137
11224,137
207782,789
242742,757
174072,236
51783,236
11601,995
208085,889
242878,490
52199,914
11708,416
208352,583
243142,434
253871,275
52532,275
11944,798
208605,918
243312,364
67270,737
52635,737
12194,741
208668,839
243360,920
52917,305
12569,323
208786,935
243585,786
26084,881
53220,881
12685,672
209156,916
244039,469
53418,146
13221,885
209272,267
244189,227
53537,540
175283,272
13387,272
209389,475
244641,788
53722,762
13664,715
255218,751
209875,751
244814,89
54206,872
13973,57
210174,426
244964,988
14393,934
54605,143
15418,361
210324,760
245150,568
54624,712
15670,697
210573,231
68156,749
245568,749
55006,529
15822,820
210791,815
245782,820
55142,427
16036,934
210874,58
27956,710
246000,710
55407,858
16161,254
210959,988
246218,776
55490,690
16413,669
211145,755
246304,819
55493,859
16504,667
176903,817
211344,817
246470,10
55826,567
16781,447
211460,844
247129,514
55892,78
257031,137
16949,137
211847,543
247240,312
55961,4
17183,117
211961,30
247447,204
56276,671
70571,470
17233,470
212497,721
247840,982
56661,638
17842,389
212898,596
247897,29
57095,799
29279,900
18067,900
213197,190
248749,588
179068,628
57161,628
18176,679
213350,391
249294,461
57412,156
18401,937
213886,303
249628,514
57599,493
19487,409
259028,206
214786,206
249894,640
57833,929
19573,535
215071,304
249994,107
71900,544
58151,544
19664,228
215388,18
250153,526
58382,141
20034,766
215772,621
250353,703
58768,709
20350,204
216057,519
30716,872
250407,872
59267,481
20627,165
216476,315
250739,589
59554,808
180415,824
20866,824
216877,192
250832,625
59971,740
21229,143
217211,16
250989,293
60337,11
217292,450
21404,882
218010,263
251157,211
60707,829
21618,410
218497,234
251223,287
260484,430
60858,430
21895,629
218615,881
251339,210
61090,739
22088,625
218831,399
251518,209
73622,666
61910,666
22338,426
219065,304
31919,954
251843,954
62410,177
22504,545
219149,404
252268,537
62895,390
22813,300
219683,574
182551,255
252654,255
63665,820
23124,306
219951,642
252820,294
63765,82
262186,39
23408,39
220301,891
252829,768
63998,541
74356,85
23933,85
220435,918
253106,926
64535,933
24544,857
220688,617
253629,711
33088,490
65218,490
24921,958
221370,176
253949,392
65370,361
25153,250
221655,438
254224,836
183248,518
65487,518
25403,598
221871,561
254465,908
65653,774
25916,620
222372,364
254899,869
264085,727
66055,727
25966,429
222492,967
255092,540
66323,893
26350,45
222743,557
255267,16
66387,891
255546,640
26509,104
223143,868
256507,356
66487,624
26518,986
223325,347
256864,308
66640,530
26598,516
75842,907
223544,907
257548,966
67542,461
27352,25
223927,164
257707,860
67677,300
27813,217
35996,742
224146,742
257809,105
67710,577
27947,832
224612,554
258109,490
185450,582
67910,582
28204,958
224764,56
258270,393
68128,543
28372,647
265403,913
225199,913
258334,501
68561,672
28647,817
225617,72
258425,878
68846,357
28731,342
76873,191
225666,191
258534,889
69211,683
28899,393
225717,428
258952,724
37567,127
69378,127
29424,453
226267,254
259279,654
69697,660
186899,133
30035,133
226987,176
259388,970
70063,23
30276,624
227202,61
259629,64
266807,257
70183,257
30426,115
227438,809
260108,972
70448,816
77816,941
30487,941
227654,974
260217,383
70585,110
30712,881
70649,909
227771,132
260699,761
70918,549
30746,828
228024,917
261208,273
71234,689
39372,17
30971,17
228223,65
261567,249
187810,565
71470,565
30994,349
228442,457
261685,496
71587,718
267788,466
31080,466
229244,900
262219,508
79186,87
71752,87
31471,302
229412,218
262998,459
71853,567
39773,950
31816,950
230013,336
263325,831
72238,478
31948,972
230180,582
189005,198
263500,198
72523,968
32250,271
230997,269
268622,84
263852,84
72990,686
32289,485
231263,323
80767,944
264152,944
73056,302
32541,986
231265,232
264284,296
73490,469
32641,253
231865,518
264525,791
73741,954
41580,719
32802,719
232052,365
264627,104
74175,381
33818,992
232067,897
34397,548
265313,58
74577,60
35072,797
232368,861
265504,718
74709,259
35124,731
190523,596
232820,596
265620,311
74910,462
35467,210
233119,328
265656,691
75028,293
35631,122
233889,521
270069,438
265904,438
75096,677
35910,523
234174,226
265972,2
75429,371
36135,194
234623,228
83287,187
266283,187
75695,190
36562,547
234925,571
266667,65
76300,874
36978,261
235392,738
42730,138
266865,138
76417,360
37239,916
235442,582
267251,759
76483,296
37546,952
235543,866
267510,608
76532,646
182506,769
37712,769
235812,69
267642,743
76968,969
38023,13
271448,485
192479,485
268035,762
77320,200
38273,768
192765,702
268171,817
77585,245
38718,144
193063,404
268262,165
77971,523
38818,905
84377,857
193156,857
268589,335
78553,51
38991,368
44252,99
193499,99
268746,230
78589,25
39134,588
193642,885
268932,120
184661,95
78774,95
39284,524
193740,995
269114,886
78941,948
39502,528
194519,968
269273,439
79055,873
195714,343
39602,260
196441,540
269439,230
79475,733
40052,253
196466,822
269566,444
79506,54
40772,164
237264,175
196773,175
269759,157
79942,844
40838,42
196891,147
269852,354
79958,874
41058,470
197550,683
270211,627
80075,756
41392,476
198011,594
270370,617
86906,313
80661,313
41667,200
198213,784
270820,4
80810,114
41751,215
198506,16
271020,501
80929,443
41842,63
198790,509
271195,870
80996,81
42333,771
199106,414
271306,536
81227,404
42410,399
47279,90
199572,90
271538,111
81311,595
42601,906
199901,672
272233,603
81597,171
188022,908
43021,908
200508,692
272708,291
81848,679
43337,825
239020,744
200978,744
273110,287
81865,500
43687,76
201519,718
273869,698
82164,943
43907,427
201548,344
274135,734
82317,76
44382,987
89098,285
201923,285
274380,53
82431,585
44852,88
202173,150
275357,502
82550,949
48899,643
44925,643
203075,211
275573,820
82917,783
45068,21
203441,648
275673,762
83034,457
45359,594
190831,794
203968,794
275800,861
83135,276
45584,452
204311,761
276670,637
83186,664
46197,859
204504,272
277168,767
83251,886
240756,51
46404,51
204622,289
277195,894
83467,921
46595,213
204929,281
277563,696
90616,819
83637,819
47458,643
205072,31
277922,118
84018,499
277965,499
48217,884
205197,884
278633,884
51655,884
192185,884
242528,884
92547,884
52256,884
194457,884
243700,884
94094,884
53628,884
196160,884
245203,884
95271,884
55217,884
198983,884
246759,884
95932,884
56003,884
96055,884
200206,460
246959,460
96634,460
56654,460
200422,460
247060,460
96936,460
56719,460
200557,460
247176,460
97443,460
57006,460
200674,460
247927,460
97636,460
57105,460
201042,460
248312,460
97945,460
58142,460
201073,460
248477,460
98263,460
58224,460
201290,460
248496,460
98320,460
58708,460
201475,460
248547,460
98440,460
58860,460
201557,460
248965,460
98547,460
59059,460
201674,460
249096,460
98758,460
59612,460
201724,460
249163,460
99067,460
59812,460
201776,460
249632,460
100035,460
59912,460
202127,460
249848,460
100217,460
60031,460
202277,460
250016,460
100294,460
60081,460
202462,460
250184,460
100644,460
60211,460
202764,460
250301,460
100846,460
60445,460
203044,460
250683,460
100903,460
60797,460
203213,460
250851,460
101305,460
61448,460
203380,460
251003,460
101666,460
61783,460
203598,460
251422,460
101741,460
61886,460
203764,460
251620,460
101900,460
61901,460
203900,460
251754,460
102164,460
62069,460
204333,460
252222,460
102275,460
62151,460
204619,460
252806,460
102891,460
62670,460
204783,460
253310,460
103668,460
62954,460
205085,460
253828,460
103811,460
254160,460
63389,724
205502,724
255814,724
104113,724
63924,724
205538,724
256167,724
104311,724
64073,724
205735,724
256603,724
104422,724
64373,724
205919,724
257204,724
104665,724
65145,724
205989,724
257820,724
105058,724
65444,724
206204,724
258107,724
105124,724
65710,724
206423,724
258622,724
105374,724
65996,724
206657,724
259006,724
105517,724
67415,724
206972,724
259223,724
105649,724
68185,724
207275,724
259259,724
106078,724
68537,724
207340,724
259543,724
106417,724
68721,724
207727,724
259778,724
106846,724
68886,724
207924,724
260447,724
107021,724
69156,724
208058,724
260897,724
107244,724
69389,724
208077,724
261314,724
107523,724
69554,724
208645,724
261780,724
108155,724
69790,724
208897,724
262051,724
108416,724
70189,724
209229,724
262151,724
108741,724
70222,724
209548,724
262402,724
108759,724
70740,724
210097,724
262469,724
108827,724
71662,724
210317,724
262736,724
109427,724
72214,724
210685,724
263104,724
109502,724
72347,724
210816,724
263353,724
109727,724
72530,724
211303,724
263537,724
110029,724
72863,724
211368,724
264355,724
110440,724
73398,724
211770,724
264657,724
166824,724
73651,724
211922,724
265206,724
167176,724
74185,724
212088,724
265591,724
167494,724
74453,724
212539,724
265827,724
167587,724
74569,724
212806,724
266176,724
167678,724
75089,724
213207,724
266229,724
167812,724
75339,724
213625,724
266678,724
168064,724
75436,724
213707,724
266764,724
168307,724
76122,724
213760,724
267180,724
168387,724
76223,724
214244,724
267529,724
168639,724
76576,724
215078,724
267596,724
169309,724
76710,724
215278,724
267984,724
169677,724
77161,724
215413,724
268231,724
169727,724
77811,724
216099,724
268434,724
170184,724
77960,724
216466,724
216683,724
268751,220
170229,220
78328,220
217468,220
268984,220
170368,220
78496,220
217986,220
269438,220
170493,220
78564,220
218221,220
269702,220
170518,220
78797,220
218638,220
270070,220
170595,220
79099,220
218689,220
270156,220
170845,220
79215,220
219209,220
270605,220
170947,220
79815,220
219609,220
270906,220
171104,220
80084,220
219924,220
271176,220
171506,220
80266,220
220091,220
271542,220
171758,220
80684,220
220278,220
271593,220
171967,220
80837,220
220911,220
271792,220
172115,220
81121,220
221346,220
272144,220
172215,220
81138,220
221495,220
272546,220
172374,220
81370,220
221948,220
273063,220
172490,220
81854,220
222050,220
273380,220
172742,220
82123,220
222501,220
274301,220
173728,220
82491,220
222716,220
274549,220
173860,220
82893,220
223036,220
274803,220
174791,220
82958,220
223201,220
275154,220
174914,220
83109,220
223402,220
275401,220
175000,220
83561,220
223554,220
275638,220
175175,220
83828,220
223701,220
275922,220
175559,220
84682,220
223787,220
276071,220
176459,220
84882,220
224085,220
276487,220
176509,220
84912,220
224138,220
276925,220
176902,220
85433,220
224269,220
277042,220
177113,220
85616,220
224606,220
277959,220
177688,220
85833,220
224754,220
278543,220
178056,220
86033,220
224923,220
272982,220
178181,220
86202,220
225593,220
273318,220
178240,220
86368,220
225810,220
178667,220
273718,414
179744,414
86720,414
226026,414
273993,414
179978,414
86969,414
226393,414
274061,414
180348,414
87155,414
226728,414
274363,414
180707,414
87555,414
226879,414
274772,414
181223,414
87938,414
190074,414
275306,414
181691,414
87974,414
190374,414
275383,414
182334,414
88122,414
190533,414
276017,414
182527,414
88389,414
190808,414
276167,414
183347,414
88793,414
190917,414
277378,414
183572,414
89057,414
191126,414
277478,414
183722,414
89074,414
191685,414
277639,414
183883,414
89207,414
191803,414
278007,414
184299,414
89493,414
192203,414
278582,414
184401,414
89913,414
192244,414
227097,414
184465,414
90146,414
192428,414
227295,414
185176,414
91097,414
193716,414
227681,414
185351,414
91266,414
193750,414
228633,414
185671,414
91449,414
194202,414
228768,414
186039,414
91634,414
194534,414
229102,414
186807,414
92132,414
194636,414
229551,414
186832,414
92336,414
92804,414
195079,623
229768,623
187266,623
93370,623
195386,623
230522,623
187752,623
93453,623
195904,623
231255,623
187932,623
93855,623
196006,623
231823,623
188411,623
93872,623
196047,623
231993,623
188593,623
94474,623
196113,623
232292,623
189104,623
94639,623
196656,623
232461,623
189463,623
94923,623
196858,623
232929,623
189747,623
95025,623
197410,623
233312,623
408,623
95174,623
197828,623
233481,623
507,623
95207,623
198046,623
233578,623
709,623
95359,623
198303,623
233714,623
876,623
95393,623
198564,623
233747,623
1075,623
96096,623
198887,623
233997,623
1261,623
96194,623
198996,623
234165,623
1412,623
96611,623
199180,623
234765,623
2012,623
96880,623
199841,623
235619,623
2179,623
97381,623
200234,623
235884,623
2630,623
98468,623
200402,623
235935,623
3100,623
98686,623
200493,623
236172,623
3282,623
98804,623
200659,623
236322,623
3817,623
99051,623
201036,623
236655,623
4066,623
99252,623
201445,623
236955,623
4334,623
99720,623
201697,623
237173,623
4385,623
99955,623
100756,404
201870,404
237474,404
4802,404
101041,404
202147,404
237990,404
5037,404
101209,404
202324,404
238194,404
5490,404
101559,404
202942,404
238545,404
5539,404
101876,404
203033,404
238779,404
5722,404
102196,404
203392,404
239413,404
6073,404
102411,404
203742,404
239481,404
6242,404
102647,404
204205,404
240098,404
6492,404
102945,404
204571,404
240131,404
6575,404
103315,404
204698,404
240567,404
7107,404
103665,404
204864,404
240951,404
7158,404
104165,404
204964,404
241051,404
7426,404
104334,404
205355,404
241401,404
7809,404
104636,404
205909,404
242037,404
7930,404
105101,404
206109,404
242118,404
8362,404
105503,404
206375,404
242639,404
8681,404
105672,404
206534,404
243490,404
8864,404
105987,404
206709,404
243607,404
9381,404
106273,404
206877,404
243876,404
9417,404
106388,404
206979,404
207411,404
243942,465
10001,465
106874,465
207965,465
244277,465
10118,465
107042,465
208406,465
244494,465
10433,465
107109,465
208492,465
244627,465
10619,465
107258,465
208622,465
244710,465
11036,465
107326,465
208683,465
244761,465
11120,465
107426,465
208751,465
244994,465
11690,465
107594,465
208867,465
245311,465
12189,465
108143,465
209160,465
245328,465
12524,465
108763,465
209224,465
245362,465
12824,465
108997,465
209458,465
245645,465
13093,465
109416,465
209817,465
245829,465
13995,465
109700,465
210035,465
245963,465
14180,465
109899,465
210587,465
246216,465
14461,465
110031,465
210923,465
246247,465
15049,465
110266,465
211430,465
246448,465
15367,465
110349,465
212009,465
246634,465
15500,465
166639,465
212427,465
246915,465
15918,465
167038,465
212986,465
247201,465
16551,465
167223,465
213318,465
247751,465
16634,465
167442,465
213915,465
247852,465
16835,465
167592,465
248003,465
214272,546
248656,546
17003,546
168144,546
215006,546
248922,546
17703,546
168545,546
215953,546
249658,546
18172,546
168877,546
216151,546
249826,546
18439,546
169243,546
216444,546
250006,546
19493,546
169496,546
217012,546
250342,546
19711,546
169663,546
217121,546
250459,546
19842,546
169779,546
217212,546
250510,546
20180,546
169880,546
217516,546
250794,546
20294,546
170248,546
217673,546
251093,546
20561,546
170346,546
218182,546
251362,546
21014,546
170499,546
218552,546
251394,546
21213,546
170850,546
218636,546
251527,546
22252,546
170982,546
219254,546
251613,546
22936,546
171251,546
219813,546
251730,546
23571,546
171818,546
220095,546
252229,546
23703,546
171970,546
220240,546
252347,546
23872,546
172119,546
220608,546
252783,546
24188,546
172539,546
220699,546
252865,546
24539,546
172888,546
220867,546
253082,546
24641,546
173190,546
221008,546
253602,546
24926,546
173357,546
221117,546
254053,546
25109,546
174092,546
221903,546
254201,546
25410,546
174326,546
222035,546
254502,546
25561,546
174428,546
222296,546
254822,546
25711,546
174594,546
25827,546
222614,329
255289,329
26544,329
174726,329
222819,329
255607,329
26628,329
174892,329
223164,329
255655,329
26813,329
174962,329
223530,329
255943,329
27265,329
175329,329
223607,329
256392,329
27647,329
175647,329
223814,329
256843,329
27684,329
176062,329
224209,329
256927,329
28150,329
176214,329
224525,329
257145,329
28619,329
176348,329
224809,329
257262,329
28667,329
176916,329
225002,329
258329,329
29101,329
177233,329
225379,329
258614,329
29419,329
177435,329
225686,329
258884,329
29570,329
177534,329
225763,329
259118,329
29806,329
178035,329
225938,329
259265,329
30273,329
178151,329
226006,329
259400,329
30341,329
178322,329
226349,329
259768,329
30806,329
178839,329
226638,329
260067,329
30925,329
179288,329
226847,329
260388,329
31006,329
179591,329
226926,329
260771,329
31158,329
179741,329
226976,329
261105,329
31308,329
179791,329
227276,329
261272,329
31391,329
180042,329
227467,329
261724,329
31541,329
180591,329
227976,329
262310,329
31826,329
180795,329
228764,329
262407,329
32195,329
181076,329
228978,329
262525,329
32530,329
181176,329
229064,329
263326,329
32963,329
181296,329
181995,69
229405,69
263393,69
33114,69
182212,69
229741,69
263460,69
33580,69
182414,69
230050,69
263644,69
33681,69
182700,69
230293,69
263663,69
33832,69
182847,69
230459,69
264031,69
34215,69
183132,69
231313,69
264248,69
34300,69
183284,69
231395,69
264464,69
34752,69
183801,69
231613,69
264947,69
34987,69
184121,69
231827,69
265083,69
35270,69
184890,69
231854,69
265168,69
35836,69
185123,69
190939,69
265383,69
36256,69
185154,69
191188,69
265834,69
36304,69
185390,69
191724,69
266268,69
36441,69
185608,69
191841,69
266522,69
36673,69
186527,69
192093,69
266819,69
36741,69
187029,69
192176,69
267372,69
36907,69
187145,69
192476,69
267540,69
37227,69
187410,69
192710,69
268156,69
37310,69
187613,69
192844,69
268292,69
37493,69
187761,69
193294,69
268544,69
37644,69
187830,69
193412,69
268761,69
193529,69
37693,531
187981,531
193898,531
269011,531
38176,531
188396,531
194514,531
269344,531
38229,531
188583,531
195033,531
269728,531
38679,531
188799,531
195116,531
270264,531
38995,531
189066,531
195469,531
270715,531
39281,531
189115,531
196052,531
271016,531
39464,531
189516,531
196187,531
271516,531
39616,531
189750,531
196502,531
271800,531
39700,531
190185,531
196738,531
272002,531
40199,531
190318,531
197189,531
272705,531
40316,531
273071,531
190521,247
197405,247
273307,247
40417,247
446,247
197775,247
273805,247
40617,247
728,247
198290,247
273906,247
41086,247
1548,247
198507,247
274308,247
41385,247
1805,247
198625,247
274393,247
41586,247
2375,247
198726,247
274644,247
42274,247
2766,247
199092,247
274808,247
42372,247
2977,247
199178,247
275075,247
42724,247
3145,247
199359,247
275175,247
43093,247
3363,247
199510,247
275210,247
43190,247
3538,247
200213,247
275611,247
43323,247
4090,247
200246,247
276147,247
43626,247
4179,247
200583,247
276181,247
43878,247
4622,247
201066,247
276313,247
43910,247
5333,247
201383,247
276681,247
44296,247
5476,247
201768,247
277466,247
44663,247
5903,247
201969,247
277984,247
44845,247
6537,247
202069,247
278137,247
45114,247
6871,247
202353,247
278535,247
45315,247
46050,247
7105,823
202553,823
238864,823
46452,823
7312,823
202919,823
238966,823
47017,823
7348,823
203422,823
239552,823
47152,823
7841,823
203523,823
239736,823
47971,823
7898,823
203805,823
240318,823
48037,823
8089,823
204391,823
240568,823
48474,823
8250,823
204457,823
240677,823
48975,823
8870,823
204592,823
240906,823
49225,823
8961,823
204825,823
241204,823
49460,823
9343,823
204909,823
241306,823
49809,823
9454,823
205059,823
241565,823
49994,823
9613,823
205878,823
241799,823
50193,823
9856,823
205980,823
242006,823
50711,823
10354,823
206563,823
242106,823
50862,823
10590,823
207134,823
242299,823
51165,823
10697,823
207300,823
242515,823
51364,823
11124,823
207616,823
242642,823
51714,823
11517,823
207835,823
242824,823
51883,823
11676,823
208251,823
243058,823
52350,823
11724,823
208568,823
243294,823
52584,823
12112,823
208620,823
243328,823
52853,823
12512,823
208671,823
243387,823
52968,823
12619,823
208969,823
243930,823
53304,823
13173,823
209204,823
244171,823
53420,823
13273,823
209373,823
244471,823
53605,823
13582,823
209756,823
244657,823
54005,823
13850,823
209974,823
244873,823
54220,823
14014,823
210276,823
244998,823
14768,823
54622,107
15602,107
210493,107
245534,107
54889,107
15686,107
210574,107
245616,107
55075,107
15845,107
210792,107
245827,107
55375,107
16106,107
210926,107
246175,107
55441,107
16263,107
211041,107
246268,107
55492,107
16488,107
211176,107
246311,107
55607,107
16599,107
211426,107
246513,107
55858,107
16867,107
211713,107
247211,107
55927,107
16999,107
211944,107
247429,107
56045,107
17190,107
212328,107
247674,107
56360,107
17667,107
212797,107
247890,107
56663,107
17894,107
213150,107
248540,107
57148,107
18167,107
213316,107
249058,107
57398,107
18203,107
213598,107
249353,107
57449,107
18519,107
213919,107
249862,107
57632,107
19571,107
214821,107
249989,107
58067,107
19605,107
215256,107
250078,107
58351,107
20005,107
215421,107
250330,107
58515,107
20150,107
215988,107
250405,107
59150,107
20448,107
216155,107
250705,107
59269,107
20768,107
216724,107
250764,107
59820,107
21011,107
216925,107
250925,107
60255,107
21252,107
217262,107
251050,107
60621,107
217375,107
21484,937
218197,937
251164,937
60823,937
21870,937
218514,937
251325,937
60905,937
22045,937
218714,937
251391,937
61107,937
22154,937
219013,937
251575,937
62193,937
22365,937
219132,937
251975,937
62862,937
22624,937
219482,937
252409,937
63545,937
22981,937
219949,937
252695,937
63714,937
23181,937
219952,937
252827,937
63865,937
23699,937
220370,937
252843,937
64448,937
24194,937
220586,937
253322,937
64783,937
24771,937
221103,937
253829,937
65350,937
25103,937
221557,937
254206,937
65401,937
25253,937
221687,937
254299,937
65584,937
25850,937
222140,937
254467,937
65769,937
25930,937
222391,937
255078,937
66088,937
26057,937
222506,937
255133,937
66370,937
26443,937
222941,937
255376,937
66473,937
255719,937
26516,512
223210,512
256630,512
66574,512
26593,512
223326,512
257025,512
66790,512
27193,512
223644,512
257700,512
67591,512
27788,512
223996,512
257791,512
67693,512
27838,512
224430,512
258084,512
67810,512
28056,512
224646,512
258152,512
68059,512
28222,512
224997,512
258275,512
68426,512
28481,512
225366,512
258352,512
68760,512
28663,512
225634,512
258459,512
69078,512
28865,512
225683,512
258938,512
69228,512
28938,512
225902,512
259004,512
69512,512
29526,512
226553,512
259379,512
69933,512
30144,512
227072,512
259622,512
70065,512
30319,512
227422,512
259829,512
70415,512
30471,512
227520,512
260183,512
70450,512
30594,512
227705,512
260531,512
70648,512
30735,512
70666,512
228021,18
260944,18
70999,18
30887,18
228108,18
261528,18
71285,18
30985,18
228374,18
261603,18
71568,18
31010,18
228891,18
261862,18
71634,18
31412,18
229409,18
262846,18
71786,18
31614,18
229863,18
263107,18
71902,18
31846,18
230030,18
263475,18
72287,18
32148,18
230496,18
263582,18
72687,18
32275,18
231081,18
263877,18
73022,18
32516,18
231264,18
264191,18
73224,18
32575,18
231735,18
264300,18
73691,18
32793,18
231982,18
264543,18
74043,18
33270,18
232066,18
265281,18
74328,18
33888,18
232320,18
34581,18
265447,449
74595,449
35081,449
232704,449
265595,449
74743,449
35424,449
232838,449
265622,449
75013,449
35599,449
233856,449
265881,449
75064,449
35826,449
234108,449
265940,449
75330,449
35926,449
234205,449
266056,449
75498,449
36326,449
234743,449
266331,449
75747,449
36771,449
235059,449
266840,449
76350,449
37019,449
235394,449
267033,449
76482,449
37512,449
235494,449
267328,449
76499,449
37623,449
235677,449
267635,449
76818,449
37989,449
192245,449
268030,449
77052,449
38250,449
192665,449
268110,449
77517,449
38464,449
192979,449
268239,449
77886,449
38802,449
193106,449
268330,449
78236,449
38950,449
193458,449
268657,449
78573,449
39077,449
193549,449
268882,449
78755,449
39227,449
193676,449
269105,449
78841,449
39345,449
193817,449
269157,449
78973,449
39584,449
194669,449
269391,449
79323,449
196146,449
40004,706
196457,706
269550,706
79491,706
40136,706
196475,706
269614,706
79740,706
40790,706
196775,706
269841,706
79957,706
40958,706
197293,706
269916,706
79977,706
41324,706
197659,706
270234,706
80642,706
41449,706
198045,706
270629,706
80776,706
41701,706
198331,706
270838,706
80826,706
41760,706
198781,706
271086,706
80945,706
42099,706
198840,706
271245,706
81045,706
42408,706
199515,706
271531,706
81263,706
42419,706
199640,706
271622,706
81578,706
42651,706
200226,706
272626,706
81682,706
43246,706
200876,706
272715,706
81862,706
43639,706
201353,706
273535,706
82082,706
43873,706
201521,706
273976,706
82247,706
44089,706
201898,706
274144,706
82398,706
44743,706
202016,706
274823,706
82497,706
44893,706
202834,706
275439,706
82699,706
45002,706
203425,706
275659,706
82968,706
45107,706
203820,706
275793,706
83069,706
45409,706
204011,706
276050,706
83166,706
46145,706
204452,706
276954,706
83235,706
46345,706
204522,706
277170,706
83252,706
46472,706
204813,706
277427,706
83587,706
46690,706
205038,706
277629,706
83971,706
47465,706
205188,706
277938,706
278188,706
96357,207
254196,551
217117,413
178701,452
92853,698
100004,482
207470,857
248221,32
25996,802
181714,829
193612,970
273086,158
46133,697
15093,166
217811,299
255846,232
70716,449
34588,699
196282,259
278356,133
96448,961
254377,961
217318,961
179019,961
93085,961
100088,961
207563,961
248539,961
26196,961
181796,961
193680,961
273089,961
46398,961
15361,961
217895,961
256303,961
70882,961
34988,961
196298,961
278390,961
